{"cameraMode":{"drawMode":0,"name":"Shaded","section":"Shading Mode"},"sceneLighting":true,"audioPlay":false,"sceneViewState":{"showFog":true,"showMaterialUpdate":false,"showSkybox":true,"showFlares":true,"showImageEffects":true,"showParticleSystems":true},"in2DMode":false,"pivot":{"x":-7.128521919250488,"y":-43.580841064453128,"z":10.76192855834961},"rotation":{"x":0.10889899730682373,"y":0.5427808165550232,"z":-0.07123777270317078,"w":0.8297320008277893},"size":122.70450592041016,"orthographic":true}